{"created_at":"2015-12-04T10:33:32.455Z","updated_at":"2017-05-03T06:50:56.778Z","title":"Category","uid":"category","inbuilt_class":false,"schema":[{"display_name":"Title","uid":"title","data_type":"text","field_metadata":{"_default":true},"unique":true,"mandatory":true,"multiple":false},{"display_name":"Description","uid":"description","data_type":"text","field_metadata":{"multiline":true,"ref_multiple":false,"rich_text_type":"standard","description":"Field to summarize the category."},"unique":false,"mandatory":false,"multiple":false}],"last_activity":{"environments":[{"details":[{"locale":"en-us","time":"2017-06-06T13:33:22.610Z"},{"locale":"hi-in","time":"2017-02-09T09:50:29.527Z"}],"uid":"blt62f8fb46466344f8","name":"production"}]},"maintain_revisions":true,"description":"","options":{"_version":2,"is_page":false,"sub_title":[],"title":"title","description":"","singleton":false},"abilities":{"delete_all_objects":true,"delete_object":true,"update_object":true,"create_object":true,"get_all_objects":true,"get_one_object":true},"DEFAULT_ACL":{"others":{"read":false,"create":false}}}