{"created_at":"2015-12-04T10:35:29.348Z","updated_at":"2016-10-30T16:23:07.728Z","title":"News","uid":"news","inbuilt_class":false,"schema":[{"display_name":"Title","uid":"title","data_type":"text","field_metadata":{"_default":true},"unique":true,"mandatory":true,"multiple":false},{"display_name":"Body","uid":"body","data_type":"text","field_metadata":{"allow_rich_text":true,"ref_multiple":false,"rich_text_type":"standard","description":""},"unique":false,"mandatory":false,"multiple":false},{"display_name":"Featured Image","uid":"featured_image","data_type":"file","field_metadata":{"image":true,"ref_multiple":false,"rich_text_type":"standard","description":""},"mandatory":false,"multiple":false,"unique":false},{"display_name":"Thumbnail","uid":"thumbnail","data_type":"file","field_metadata":{"image":true,"ref_multiple":false,"rich_text_type":"standard","description":""},"mandatory":false,"multiple":false,"unique":false},{"display_name":"Category","uid":"category","data_type":"reference","field_metadata":{"ref_multiple":false,"rich_text_type":"standard","description":""},"reference_to":"category","mandatory":true,"unique":false,"multiple":false},{"display_name":"Top News?","uid":"top_news","data_type":"boolean","field_metadata":{"ref_multiple":false,"rich_text_type":"standard","description":""},"unique":false,"multiple":false,"mandatory":false},{"data_type":"text","display_name":"Single line textbox","uid":"single_line","field_metadata":{"description":"","default_value":""},"format":"","multiple":false,"mandatory":false,"unique":false}],"last_activity":{"environments":[{"details":[{"locale":"en-us","time":"2017-09-27T07:44:28.761Z"},{"locale":"hi-in","time":"2017-07-03T10:34:12.252Z"}],"uid":"blt62f8fb46466344f8","name":"production"},{"details":[{"locale":"en-us","time":"2017-07-03T09:18:18.962Z"}],"uid":"bltd3dcccbf6cc616c4","name":"test"}]},"maintain_revisions":true,"description":"","options":{"_version":2,"is_page":false,"sub_title":[],"title":"title","description":"","singleton":false},"abilities":{"delete_all_objects":true,"delete_object":true,"update_object":true,"create_object":true,"get_all_objects":true,"get_one_object":true},"DEFAULT_ACL":{"others":{"read":false,"create":false}}}